<?xml version="1.0" encoding="utf-8"?>
<modification>
  <name><![CDATA[Layout All Pages]]></name>
  <code><![CDATA[layout_all_pages]]></code>
	<version><![CDATA[1.1]]></version>
	<author><![CDATA[REDS PRAI]]></author>
	<link><![CDATA[https://www.agenciaprai.com/]]></link>
	
	<file path="admin/controller/design/layout.php">
		<operation>
			<search><![CDATA[
			public function index() {
			]]></search>
			<add position="after"><![CDATA[
			$this->check_All_Pages();
			]]></add>
		</operation>
	</file>
	<file path="admin/controller/design/layout.php">
		<operation>
			<search><![CDATA[
			public function add() {
			]]></search>
			<add position="before"><![CDATA[
					public function check_All_Pages() {
						$query = $this->db->query("SELECT * FROM " . DB_PREFIX . "layout WHERE LOWER(name) = 'all pages' LIMIT 1");
						if ($query->num_rows) {
							$sql = "INSERT INTO ".DB_PREFIX."layout SET `name`='All Pages'";
							$query = $this->db->query( $sql );
						}
					}
				]]></add>
		</operation>
	</file>

	<file path="catalog/model/design/layout.php">
		<operation>
			<search><![CDATA[
			$query = $this->db->query("SELECT * FROM " . DB_PREFIX . "layout_module WHERE layout_id = '" . (int)$layout_id . "' AND position = '" . $this->db->escape($position) . "' ORDER BY sort_order");
			]]></search>
			<add position="replace"><![CDATA[
					$query = $this->db->query("SELECT * FROM " . DB_PREFIX . "layout WHERE LOWER(name) = 'all pages' LIMIT 1");
					if ($query->num_rows) {
						$query = $this->db->query("SELECT * FROM " . DB_PREFIX . "layout_module WHERE (layout_id = '" . (int)$layout_id . "' OR layout_id = '" . (int)$query->row['layout_id'] . "') AND position = '" . $this->db->escape($position) . "' ORDER BY sort_order");
					} else {
						$query = $this->db->query("SELECT * FROM " . DB_PREFIX . "layout_module WHERE layout_id = '" . (int)$layout_id . "' AND position = '" . $this->db->escape($position) . "' ORDER BY sort_order");
					}
				]]></add>
		</operation>
	</file>
</modification>